id,node_id,from_link,to_link,phases,rules,visibility,tags
1,5,50,1,ABC,0,50,<oldid>: 0
2,5,50,3,A,0,50,<oldid>: 0
3,5,147,1,B,0,50,<oldid>: 0
4,5,147,2,AB,0,50,<oldid>: 0
5,5,162,2,C,0,50,<oldid>: 0
6,5,162,3,ABC,0,50,<oldid>: 0
7,6,54,5,D,0,50,<oldid>: 0
8,6,54,6,ABCD,0,50,<oldid>: 0
9,6,54,7,C,0,50,<oldid>: 0
10,6,159,4,B,0,50,<oldid>: 0
11,6,159,5,A,0,50,<oldid>: 0
12,6,159,7,ABCD,0,50,<oldid>: 0
13,6,161,4,ABCD,0,50,<oldid>: 0
14,6,161,6,A,0,50,<oldid>: 0
15,6,161,7,B,0,50,<oldid>: 0
17,6,164,5,ABCD,0,50,<oldid>: 0
18,6,164,6,D,0,50,<oldid>: 0
19,7,78,234,NULL,0,50,<oldid>: 0
20,8,77,9,NULL,0,50,<oldid>: 0
21,8,77,10,NULL,0,50,<oldid>: 0
22,8,154,8,NULL,0,50,<oldid>: 0
23,8,154,10,NULL,0,50,<oldid>: 0
24,8,253,8,NULL,0,50,<oldid>: 0
25,8,253,9,NULL,0,50,<oldid>: 0
26,9,15,11,AB,0,50,<oldid>: 0
27,9,15,12,B,0,50,<oldid>: 0
28,9,66,11,C,0,50,<oldid>: 0
29,9,66,13,ABC,0,50,<oldid>: 0
30,9,160,12,ABC,0,50,<oldid>: 0
31,9,160,13,A,0,50,<oldid>: 0
32,10,13,14,A,0,50,<oldid>: 0
33,10,13,16,ABC,0,50,<oldid>: 0
34,10,19,15,AB,0,50,<oldid>: 0
35,10,19,16,B,0,50,<oldid>: 0
36,10,72,14,ABC,0,50,<oldid>: 0
37,10,72,15,C,0,50,<oldid>: 0
38,11,14,17,AB,0,50,<oldid>: 0
39,11,14,18,B,0,50,<oldid>: 0
40,11,21,18,ABC,0,50,<oldid>: 0
41,11,21,19,A,0,50,<oldid>: 0
42,11,245,17,C,0,50,<oldid>: 0
43,11,245,19,ABC,0,50,<oldid>: 0
44,12,17,20,ABC,0,50,<oldid>: 0
45,12,17,22,A,0,50,<oldid>: 0
46,12,23,20,B,0,50,<oldid>: 0
47,12,23,21,AB,0,50,<oldid>: 0
48,12,84,21,C,0,50,<oldid>: 0
49,12,84,22,ABC,0,50,<oldid>: 0
50,13,22,24,B,0,50,<oldid>: 0
51,13,22,25,ABC,0,50,<oldid>: 0
52,13,26,23,C,0,50,<oldid>: 0
53,13,26,24,A,0,50,<oldid>: 0
54,13,230,23,ABC,0,50,<oldid>: 0
55,13,230,25,A,0,50,<oldid>: 0
56,14,25,27,NULL,0,50,<oldid>: 0
57,14,25,28,NULL,0,50,<oldid>: 0
58,14,81,26,NULL,0,50,<oldid>: 0
59,14,81,27,NULL,0,50,<oldid>: 0
60,14,153,26,NULL,0,50,<oldid>: 0
61,14,153,28,NULL,0,50,<oldid>: 0
62,15,35,29,ABC,0,50,<oldid>: 0
63,15,35,31,B,0,50,<oldid>: 0
64,15,99,30,A,0,50,<oldid>: 0
65,15,99,31,ABC,0,50,<oldid>: 0
66,15,106,29,C,0,50,<oldid>: 0
67,15,106,30,ABC,0,50,<oldid>: 0
68,16,37,33,A,0,50,<oldid>: 0
69,16,37,34,AC,0,50,<oldid>: 0
70,16,74,32,C,0,50,<oldid>: 0
71,16,74,33,BC,0,50,<oldid>: 0
72,16,97,32,A,0,50,<oldid>: 0
73,16,97,34,B,0,50,<oldid>: 0
74,17,30,36,AC,0,50,<oldid>: 0
75,17,30,37,A,0,50,<oldid>: 0
76,17,32,35,ABC,0,50,<oldid>: 0
77,17,32,36,B,0,50,<oldid>: 0
78,17,236,35,C,0,50,<oldid>: 0
79,17,236,37,C,0,50,<oldid>: 0
80,18,43,39,NULL,0,50,<oldid>: 0
81,18,43,40,NULL,0,50,<oldid>: 0
82,18,48,38,NULL,0,50,<oldid>: 0
83,18,48,39,NULL,0,50,<oldid>: 0
84,18,123,38,NULL,0,50,<oldid>: 0
85,18,123,40,NULL,0,50,<oldid>: 0
86,19,38,41,NULL,0,50,<oldid>: 0
87,19,38,42,NULL,0,50,<oldid>: 0
88,19,58,42,NULL,0,50,<oldid>: 0
89,19,58,43,NULL,0,50,<oldid>: 0
90,19,121,41,NULL,0,50,<oldid>: 0
91,19,121,43,NULL,0,50,<oldid>: 0
92,20,49,45,NULL,0,50,<oldid>: 0
93,20,49,46,NULL,0,50,<oldid>: 0
94,20,242,44,NULL,0,50,<oldid>: 0
95,20,242,46,NULL,0,50,<oldid>: 0
96,20,243,44,NULL,0,50,<oldid>: 0
97,20,243,45,NULL,0,50,<oldid>: 0
98,21,2,47,ABCD,0,50,<oldid>: 0
99,21,2,48,A,0,50,<oldid>: 0
100,21,2,49,B,0,50,<oldid>: 0
101,21,40,47,B,0,50,<oldid>: 0
102,21,40,49,ABCD,0,50,<oldid>: 0
103,21,40,50,A,0,50,<oldid>: 0
104,21,44,47,C,0,50,<oldid>: 0
105,21,44,48,D,0,50,<oldid>: 0
106,21,44,50,ABCD,0,50,<oldid>: 0
107,21,244,48,ABCD,0,50,<oldid>: 0
108,21,244,49,C,0,50,<oldid>: 0
109,21,244,50,D,0,50,<oldid>: 0
110,22,4,51,ABCD,0,50,<oldid>: 0
111,22,4,52,B,0,50,<oldid>: 0
112,22,4,53,A,0,50,<oldid>: 0
113,22,57,51,B,0,50,<oldid>: 0
114,22,57,52,ABCD,0,50,<oldid>: 0
115,22,57,54,A,0,50,<oldid>: 0
116,22,67,51,C,0,50,<oldid>: 0
117,22,67,53,D,0,50,<oldid>: 0
118,22,67,54,ABCD,0,50,<oldid>: 0
119,22,237,52,C,0,50,<oldid>: 0
120,22,237,53,ABCD,0,50,<oldid>: 0
121,22,237,54,D,0,50,<oldid>: 0
122,23,41,55,ABCD,0,50,<oldid>: 0
123,23,41,56,C,0,50,<oldid>: 0
124,23,41,57,D,0,50,<oldid>: 0
125,23,53,55,A,0,50,<oldid>: 0
126,23,53,56,B,0,50,<oldid>: 0
127,23,53,58,ABCD,0,50,<oldid>: 0
128,23,60,55,D,0,50,<oldid>: 0
129,23,60,57,ABCD,0,50,<oldid>: 0
130,23,60,58,C,0,50,<oldid>: 0
131,23,115,56,ABCD,0,50,<oldid>: 0
132,23,115,57,A,0,50,<oldid>: 0
133,23,115,58,B,0,50,<oldid>: 0
134,24,56,59,NULL,0,50,<oldid>: 0
135,24,63,60,NULL,0,50,<oldid>: 0
136,24,65,60,NULL,0,50,<oldid>: 0
137,25,59,61,NULL,0,50,<oldid>: 0
138,25,111,62,NULL,0,50,<oldid>: 0
139,25,111,63,NULL,0,50,<oldid>: 0
140,27,12,64,NULL,0,50,<oldid>: 0
141,27,12,65,NULL,0,50,<oldid>: 0
142,27,12,67,NULL,0,50,<oldid>: 0
143,27,52,64,NULL,0,50,<oldid>: 0
144,27,52,65,NULL,0,50,<oldid>: 0
145,27,52,66,NULL,0,50,<oldid>: 0
146,27,62,64,NULL,0,50,<oldid>: 0
147,27,62,66,NULL,0,50,<oldid>: 0
148,27,62,67,NULL,0,50,<oldid>: 0
149,27,69,65,NULL,0,50,<oldid>: 0
150,27,69,66,NULL,0,50,<oldid>: 0
151,27,69,67,NULL,0,50,<oldid>: 0
152,28,64,68,C,0,50,<oldid>: 0
153,28,64,70,ABCD,0,50,<oldid>: 0
154,28,93,69,ABC,0,50,<oldid>: 0
155,28,93,70,A,0,50,<oldid>: 0
156,28,102,68,A,0,50,<oldid>: 0
157,28,102,69,B,0,50,<oldid>: 0
158,29,16,71,B,0,50,<oldid>: 0
159,29,16,73,AB,0,50,<oldid>: 0
160,29,83,72,ABC,0,50,<oldid>: 0
161,29,83,73,C,0,50,<oldid>: 0
162,29,89,71,ABC,0,50,<oldid>: 0
163,29,89,72,A,0,50,<oldid>: 0
164,30,34,75,ABC,0,50,<oldid>: 0
165,30,34,76,C,0,50,<oldid>: 0
166,30,79,74,ABC,0,50,<oldid>: 0
167,30,79,75,A,0,50,<oldid>: 0
168,30,144,74,B,0,50,<oldid>: 0
169,30,144,76,AB,0,50,<oldid>: 0
170,31,8,78,D,0,50,<oldid>: 0
171,31,8,79,C,0,50,<oldid>: 0
172,31,8,80,ABCD,0,50,<oldid>: 0
173,31,76,77,C,0,50,<oldid>: 0
174,31,76,78,ABCD,0,50,<oldid>: 0
175,31,76,80,D,0,50,<oldid>: 0
176,31,85,77,B,0,50,<oldid>: 0
177,31,85,78,A,0,50,<oldid>: 0
178,31,85,79,ABCD,0,50,<oldid>: 0
179,31,234,77,ABCD,0,50,<oldid>: 0
180,31,234,79,B,0,50,<oldid>: 0
181,31,234,80,A,0,50,<oldid>: 0
182,32,20,81,D,0,50,<oldid>: 0
183,32,20,82,C,0,50,<oldid>: 0
184,32,20,83,ABCD,0,50,<oldid>: 0
185,32,28,82,B,0,50,<oldid>: 0
186,32,28,83,A,0,50,<oldid>: 0
187,32,28,84,ABCD,0,50,<oldid>: 0
188,32,71,81,A,0,50,<oldid>: 0
189,32,71,82,ABCD,0,50,<oldid>: 0
190,32,71,84,B,0,50,<oldid>: 0
191,32,87,81,ABCD,0,50,<oldid>: 0
192,32,87,83,D,0,50,<oldid>: 0
193,32,87,84,C,0,50,<oldid>: 0
194,33,80,86,A,0,50,<oldid>: 0
195,33,80,87,ABC,0,50,<oldid>: 0
196,33,82,85,C,0,50,<oldid>: 0
197,33,82,86,ABC,0,50,<oldid>: 0
198,33,88,85,AB,0,50,<oldid>: 0
199,33,88,87,B,0,50,<oldid>: 0
200,34,73,88,B,0,50,<oldid>: 0
201,34,73,90,AB,0,50,<oldid>: 0
202,34,86,89,ABC,0,50,<oldid>: 0
203,34,86,90,C,0,50,<oldid>: 0
204,34,94,88,ABC,0,50,<oldid>: 0
205,34,94,89,A,0,50,<oldid>: 0
206,35,68,91,ABCD,0,50,<oldid>: 0
207,35,68,92,C,0,50,<oldid>: 0
208,35,68,94,D,0,50,<oldid>: 0
209,35,90,91,A,0,50,<oldid>: 0
210,35,90,92,B,0,50,<oldid>: 0
211,35,90,93,ABCD,0,50,<oldid>: 0
212,35,96,91,D,0,50,<oldid>: 0
213,35,96,93,C,0,50,<oldid>: 0
214,35,96,94,ABCD,0,50,<oldid>: 0
215,35,104,92,ABCD,0,50,<oldid>: 0
216,35,104,93,B,0,50,<oldid>: 0
217,35,104,94,A,0,50,<oldid>: 0
218,36,33,95,A,0,50,<oldid>: 0
219,36,33,96,AC,0,50,<oldid>: 0
220,36,92,95,B,0,50,<oldid>: 0
221,36,92,97,C,0,50,<oldid>: 0
222,36,100,96,B,0,50,<oldid>: 0
223,36,100,97,A,0,50,<oldid>: 0
224,37,29,98,B,0,50,<oldid>: 0
225,37,29,100,B,0,50,<oldid>: 0
226,37,95,98,A,0,50,<oldid>: 0
227,37,95,99,A,0,50,<oldid>: 0
228,37,103,99,C,0,50,<oldid>: 0
229,37,103,100,C,0,50,<oldid>: 0
230,38,70,101,ABCD,0,50,<oldid>: 0
231,38,70,103,C,0,50,<oldid>: 0
232,38,70,104,D,0,50,<oldid>: 0
233,38,91,101,A,0,50,<oldid>: 0
234,38,91,102,ABCD,0,50,<oldid>: 0
235,38,91,103,B,0,50,<oldid>: 0
236,38,98,101,D,0,50,<oldid>: 0
237,38,98,102,C,0,50,<oldid>: 0
238,38,98,104,ABCD,0,50,<oldid>: 0
239,38,112,102,B,0,50,<oldid>: 0
240,38,112,103,ABCD,0,50,<oldid>: 0
241,38,112,104,A,0,50,<oldid>: 0
242,39,31,105,B,0,50,<oldid>: 0
243,39,31,107,A,0,50,<oldid>: 0
244,39,31,108,ABCD,0,50,<oldid>: 0
245,39,110,105,C,0,50,<oldid>: 0
246,39,110,106,D,0,50,<oldid>: 0
247,39,110,107,ABCD,0,50,<oldid>: 0
248,39,143,106,ABCD,0,50,<oldid>: 0
249,39,143,107,D,0,50,<oldid>: 0
250,39,143,108,C,0,50,<oldid>: 0
251,39,156,105,ABCD,0,50,<oldid>: 0
252,39,156,106,A,0,50,<oldid>: 0
253,39,156,108,B,0,50,<oldid>: 0
254,40,61,109,ABCD,0,50,<oldid>: 0
255,40,61,110,C,0,50,<oldid>: 0
256,40,61,112,D,0,50,<oldid>: 0
257,40,101,109,A,0,50,<oldid>: 0
258,40,101,110,B,0,50,<oldid>: 0
259,40,101,111,ABCD,0,50,<oldid>: 0
260,40,108,109,D,0,50,<oldid>: 0
261,40,108,111,C,0,50,<oldid>: 0
262,40,108,112,ABCD,0,50,<oldid>: 0
263,40,114,110,ABCD,0,50,<oldid>: 0
264,40,114,111,B,0,50,<oldid>: 0
265,40,114,112,A,0,50,<oldid>: 0
266,41,55,113,C,0,50,<oldid>: 0
267,41,55,114,C,0,50,<oldid>: 0
268,41,109,113,A,0,50,<oldid>: 0
269,41,109,115,A,0,50,<oldid>: 0
270,41,118,114,A,0,50,<oldid>: 0
271,41,118,115,B,0,50,<oldid>: 0
272,42,113,116,B,0,50,<oldid>: 0
273,42,113,117,A,0,50,<oldid>: 0
274,42,119,116,ABC,0,50,<oldid>: 0
275,42,119,118,A,0,50,<oldid>: 0
276,42,131,117,C,0,50,<oldid>: 0
277,42,131,118,ABC,0,50,<oldid>: 0
278,43,42,119,C,0,50,<oldid>: 0
279,43,42,120,ABC,0,50,<oldid>: 0
280,43,117,120,A,0,50,<oldid>: 0
281,43,117,121,ABC,0,50,<oldid>: 0
282,43,122,119,AB,0,50,<oldid>: 0
283,43,122,121,B,0,50,<oldid>: 0
284,44,39,122,D,0,50,<oldid>: 0
285,44,39,124,ABCD,0,50,<oldid>: 0
286,44,39,125,C,0,50,<oldid>: 0
287,44,120,123,ABCD,0,50,<oldid>: 0
288,44,120,124,A,0,50,<oldid>: 0
289,44,120,125,B,0,50,<oldid>: 0
290,44,126,122,ABCD,0,50,<oldid>: 0
291,44,126,123,C,0,50,<oldid>: 0
292,44,126,124,D,0,50,<oldid>: 0
293,44,150,122,A,0,50,<oldid>: 0
294,44,150,123,B,0,50,<oldid>: 0
295,44,150,125,ABCD,0,50,<oldid>: 0
296,45,125,127,NULL,0,50,<oldid>: 0
297,45,125,128,NULL,0,50,<oldid>: 0
298,45,133,126,NULL,0,50,<oldid>: 0
299,45,133,127,NULL,0,50,<oldid>: 0
300,45,241,126,NULL,0,50,<oldid>: 0
301,45,241,128,NULL,0,50,<oldid>: 0
302,47,116,129,NULL,0,50,<oldid>: 0
303,47,116,130,NULL,0,50,<oldid>: 0
304,47,132,129,NULL,0,50,<oldid>: 0
305,47,132,131,NULL,0,50,<oldid>: 0
306,47,157,130,NULL,0,50,<oldid>: 0
307,47,157,131,NULL,0,50,<oldid>: 0
308,48,128,132,NULL,0,50,<oldid>: 0
309,48,128,134,NULL,0,50,<oldid>: 0
310,48,128,135,NULL,0,50,<oldid>: 0
311,48,130,133,NULL,0,50,<oldid>: 0
312,48,130,134,NULL,0,50,<oldid>: 0
313,48,130,135,NULL,0,50,<oldid>: 0
314,48,139,132,NULL,0,50,<oldid>: 0
315,48,139,133,NULL,0,50,<oldid>: 0
316,48,139,134,NULL,0,50,<oldid>: 0
317,48,239,132,NULL,0,50,<oldid>: 0
318,48,239,133,NULL,0,50,<oldid>: 0
319,48,239,135,NULL,0,50,<oldid>: 0
320,49,135,136,D,0,50,<oldid>: 0
321,49,135,137,C,0,50,<oldid>: 0
322,49,135,138,D,0,50,<oldid>: 0
323,49,142,137,B,0,50,<oldid>: 0
324,49,142,138,A,0,50,<oldid>: 0
325,49,142,139,ABCD,0,50,<oldid>: 0
326,49,235,136,ABCD,0,50,<oldid>: 0
327,49,235,138,D,0,50,<oldid>: 0
328,49,235,139,C,0,50,<oldid>: 0
329,49,238,136,A,0,50,<oldid>: 0
330,49,238,137,ABCD,0,50,<oldid>: 0
331,49,238,139,B,0,50,<oldid>: 0
332,50,105,140,B,0,50,<oldid>: 0
333,50,105,141,ABCD,0,50,<oldid>: 0
334,50,105,142,A,0,50,<oldid>: 0
335,50,136,140,ABCD,0,50,<oldid>: 0
336,50,136,141,B,0,50,<oldid>: 0
337,50,136,143,A,0,50,<oldid>: 0
338,50,146,141,C,0,50,<oldid>: 0
339,50,146,142,D,0,50,<oldid>: 0
340,50,146,143,ABCD,0,50,<oldid>: 0
341,50,158,140,C,0,50,<oldid>: 0
342,50,158,142,ABCD,0,50,<oldid>: 0
343,50,158,143,D,0,50,<oldid>: 0
344,52,75,145,NULL,0,50,<oldid>: 0
345,52,75,146,NULL,0,50,<oldid>: 0
346,52,140,144,NULL,0,50,<oldid>: 0
347,52,140,145,NULL,0,50,<oldid>: 0
348,52,240,144,NULL,0,50,<oldid>: 0
349,52,240,146,NULL,0,50,<oldid>: 0
350,53,124,151,NULL,0,50,<oldid>: 0
351,53,124,152,NULL,0,50,<oldid>: 0
352,53,176,150,NULL,0,50,<oldid>: 0
353,53,176,152,NULL,0,50,<oldid>: 0
354,53,179,150,NULL,0,50,<oldid>: 0
355,53,179,151,NULL,0,50,<oldid>: 0
356,55,3,148,NULL,0,50,<oldid>: 0
357,55,3,149,NULL,0,50,<oldid>: 0
358,55,174,147,NULL,0,50,<oldid>: 0
359,55,174,148,NULL,0,50,<oldid>: 0
360,55,249,147,NULL,0,50,<oldid>: 0
361,55,249,149,NULL,0,50,<oldid>: 0
362,56,36,236,NULL,0,50,<oldid>: 0
363,59,134,239,NULL,0,50,<oldid>: 0
364,60,145,240,NULL,0,50,<oldid>: 0
365,62,45,242,NULL,0,50,<oldid>: 0
366,63,46,243,NULL,0,50,<oldid>: 0
367,64,47,244,NULL,0,50,<oldid>: 0
368,66,9,153,NULL,0,50,<oldid>: 0
369,66,9,155,NULL,0,50,<oldid>: 0
370,66,27,154,NULL,0,50,<oldid>: 0
371,66,27,155,NULL,0,50,<oldid>: 0
372,66,231,153,NULL,0,50,<oldid>: 0
373,66,231,154,NULL,0,50,<oldid>: 0
374,67,107,157,NULL,0,50,<oldid>: 0
375,67,107,158,NULL,0,50,<oldid>: 0
376,67,129,156,NULL,0,50,<oldid>: 0
377,67,129,158,NULL,0,50,<oldid>: 0
378,67,141,156,NULL,0,50,<oldid>: 0
379,67,141,157,NULL,0,50,<oldid>: 0
380,69,155,232,B,0,50,<oldid>: 0
381,69,155,233,AB,0,50,<oldid>: 0
382,69,221,231,A,0,50,<oldid>: 0
383,69,221,232,ABC,0,50,<oldid>: 0
384,69,229,231,ABC,0,50,<oldid>: 0
385,69,229,233,C,0,50,<oldid>: 0
386,71,24,228,NULL,0,50,<oldid>: 0
387,71,24,229,NULL,0,50,<oldid>: 0
388,71,232,228,NULL,0,50,<oldid>: 0
389,71,232,230,NULL,0,50,<oldid>: 0
390,71,254,229,NULL,0,50,<oldid>: 0
391,71,254,230,NULL,0,50,<oldid>: 0
392,72,166,226,NULL,0,50,<oldid>: 0
393,72,223,226,NULL,0,50,<oldid>: 0
394,72,246,225,NULL,0,50,<oldid>: 0
395,72,246,227,NULL,0,50,<oldid>: 0
396,73,165,224,NULL,0,50,<oldid>: 0
397,73,172,222,NULL,0,50,<oldid>: 0
398,73,172,223,NULL,0,50,<oldid>: 0
399,73,227,224,NULL,0,50,<oldid>: 0
400,74,167,220,C,0,50,<oldid>: 0
401,74,167,221,ABC,0,50,<oldid>: 0
402,74,217,219,ABC,0,50,<oldid>: 0
403,74,217,221,A,0,50,<oldid>: 0
404,74,233,219,B,0,50,<oldid>: 0
405,74,233,220,AB,0,50,<oldid>: 0
406,75,206,217,ABC,0,50,<oldid>: 0
407,75,206,218,C,0,50,<oldid>: 0
408,75,214,216,ABC,0,50,<oldid>: 0
409,75,214,217,A,0,50,<oldid>: 0
410,75,220,216,B,0,50,<oldid>: 0
411,75,220,218,AB,0,50,<oldid>: 0
412,76,210,213,C,0,50,<oldid>: 0
413,76,210,214,ABC,0,50,<oldid>: 0
414,76,218,213,AB,0,50,<oldid>: 0
415,76,218,215,B,0,50,<oldid>: 0
416,76,247,214,A,0,50,<oldid>: 0
417,76,247,215,ABC,0,50,<oldid>: 0
418,77,213,247,NULL,0,50,<oldid>: 0
419,78,209,210,A,0,50,<oldid>: 0
420,78,209,211,ABC,0,50,<oldid>: 0
421,78,215,211,AB,0,50,<oldid>: 0
422,78,215,212,AB,0,50,<oldid>: 0
423,78,248,210,ABC,0,50,<oldid>: 0
424,78,248,212,C,0,50,<oldid>: 0
425,79,204,208,ABC,0,50,<oldid>: 0
426,79,204,209,C,0,50,<oldid>: 0
427,79,205,207,B,0,50,<oldid>: 0
428,79,205,209,ABC,0,50,<oldid>: 0
429,79,212,207,ABC,0,50,<oldid>: 0
430,79,212,208,A,0,50,<oldid>: 0
431,80,207,205,B,0,50,<oldid>: 0
432,80,207,206,AB,0,50,<oldid>: 0
433,80,208,204,ABC,0,50,<oldid>: 0
434,80,208,206,C,0,50,<oldid>: 0
435,80,216,204,A,0,50,<oldid>: 0
436,80,216,205,ABC,0,50,<oldid>: 0
437,82,211,248,NULL,0,50,<oldid>: 0
438,83,163,201,NULL,0,50,<oldid>: 0
439,83,163,203,NULL,0,50,<oldid>: 0
440,83,188,202,NULL,0,50,<oldid>: 0
441,83,199,202,NULL,0,50,<oldid>: 0
442,84,194,198,NULL,0,50,<oldid>: 0
443,84,195,199,NULL,0,50,<oldid>: 0
444,84,195,200,NULL,0,50,<oldid>: 0
445,84,201,198,NULL,0,50,<oldid>: 0
446,85,168,195,NULL,0,50,<oldid>: 0
447,85,191,195,NULL,0,50,<oldid>: 0
448,85,198,196,NULL,0,50,<oldid>: 0
449,85,198,197,NULL,0,50,<oldid>: 0
450,86,171,193,NULL,0,50,<oldid>: 0
451,86,190,192,NULL,0,50,<oldid>: 0
452,86,190,194,NULL,0,50,<oldid>: 0
453,86,197,193,NULL,0,50,<oldid>: 0
454,87,186,190,NULL,0,50,<oldid>: 0
455,87,193,189,NULL,0,50,<oldid>: 0
456,87,193,191,NULL,0,50,<oldid>: 0
457,87,200,190,NULL,0,50,<oldid>: 0
458,88,169,187,NULL,0,50,<oldid>: 0
459,88,183,186,NULL,0,50,<oldid>: 0
460,88,183,188,NULL,0,50,<oldid>: 0
461,88,189,187,NULL,0,50,<oldid>: 0
462,89,177,183,NULL,0,50,<oldid>: 0
463,89,182,183,NULL,0,50,<oldid>: 0
464,89,187,184,NULL,0,50,<oldid>: 0
465,89,187,185,NULL,0,50,<oldid>: 0
466,90,178,181,NULL,0,50,<oldid>: 0
467,90,184,181,NULL,0,50,<oldid>: 0
468,90,251,180,NULL,0,50,<oldid>: 0
469,90,251,182,NULL,0,50,<oldid>: 0
470,91,152,177,NULL,0,50,<oldid>: 0
471,91,152,178,NULL,0,50,<oldid>: 0
472,91,180,179,NULL,0,50,<oldid>: 0
473,91,185,179,NULL,0,50,<oldid>: 0
474,92,149,175,NULL,0,50,<oldid>: 0
475,92,149,176,NULL,0,50,<oldid>: 0
476,92,151,174,NULL,0,50,<oldid>: 0
477,92,151,175,NULL,0,50,<oldid>: 0
478,92,250,174,NULL,0,50,<oldid>: 0
479,92,250,176,NULL,0,50,<oldid>: 0
480,93,148,249,NULL,0,50,<oldid>: 0
481,94,175,250,NULL,0,50,<oldid>: 0
482,97,192,172,NULL,0,50,<oldid>: 0
483,97,203,172,NULL,0,50,<oldid>: 0
484,97,224,171,NULL,0,50,<oldid>: 0
485,97,224,173,NULL,0,50,<oldid>: 0
486,98,173,170,NULL,0,50,<oldid>: 0
487,98,196,170,NULL,0,50,<oldid>: 0
488,98,252,168,NULL,0,50,<oldid>: 0
489,98,252,169,NULL,0,50,<oldid>: 0
490,99,219,165,NULL,0,50,<oldid>: 0
491,99,219,166,NULL,0,50,<oldid>: 0
492,99,222,167,NULL,0,50,<oldid>: 0
493,99,225,167,NULL,0,50,<oldid>: 0
494,102,7,163,NULL,0,50,<oldid>: 0
495,102,202,164,NULL,0,50,<oldid>: 0
496,105,1,161,NULL,0,50,<oldid>: 0
497,105,5,162,NULL,0,50,<oldid>: 0
498,106,6,160,NULL,0,50,<oldid>: 0
499,106,11,159,NULL,0,50,<oldid>: 0
500,101,228,254,NULL,0,50,<oldid>: 0
501,100,10,253,NULL,0,50,<oldid>: 0
502,51,137,235,NULL,0,50,<oldid>: 0
503,58,138,238,NULL,0,50,<oldid>: 0
504,61,127,241,NULL,0,50,<oldid>: 0
505,69,155,231,B,0,50,<oldid>: 0
506,13,230,24,A,0,50,<oldid>: 0
507,13,22,23,B,0,50,<oldid>: 0
508,33,82,87,C,0,50,<oldid>: 0
509,9,66,12,C,0,50,<oldid>: 0
510,6,159,6,B,0,50,<oldid>: 0
511,6,161,5,B,0,50,<oldid>: 0
512,22,57,53,B,0,50,<oldid>: 0
513,41,55,115,C,0,50,<oldid>: 0
514,42,119,117,A,0,50,<oldid>: 0
515,50,146,140,D,0,50,<oldid>: 0
516,44,120,122,B,0,50,<oldid>: 0
517,70,226,246,NULL,0,50,<oldid>: 0
518,96,170,252,NULL,0,50,<oldid>: 0
519,95,181,251,NULL,0,50,<oldid>: 0
520,65,18,245,NULL,0,50,<oldid>: 0
521,57,51,237,NULL,0,50,<oldid>: 0
16,6,164,4,C,0,50,<oldid>: 0
